/*
Navicat Oracle Data Transfer
Oracle Client Version : 10.2.0.5.0

Source Server         : football
Source Server Version : 110200
Source Host           : localhost:1521
Source Schema         : FOOTBALL

Target Server Type    : ORACLE
Target Server Version : 110200
File Encoding         : 65001

Date: 2017-05-21 22:30:46
*/


-- ----------------------------
-- Table structure for F_CLUB
-- ----------------------------
DROP TABLE "FOOTBALL"."F_CLUB";
CREATE TABLE "FOOTBALL"."F_CLUB" (
"CLUBID" VARCHAR2(32 BYTE) NOT NULL ,
"CLUBNAME" VARCHAR2(30 BYTE) NOT NULL ,
"CLUBTYPE" VARCHAR2(10 BYTE) NOT NULL ,
"CLUBWIN" NUMBER NOT NULL ,
"CLUBTIE" NUMBER NOT NULL ,
"CLUBLOSE" NUMBER NOT NULL ,
"CLUBGOAL" NUMBER NOT NULL ,
"CLUBFUMBLE" NUMBER NOT NULL ,
"CLUBSCORE" NUMBER NOT NULL ,
"GAMECOUNT" NUMBER NOT NULL 
)
LOGGING
NOCOMPRESS
NOCACHE

;

-- ----------------------------
-- Records of F_CLUB
-- ----------------------------
INSERT INTO "FOOTBALL"."F_CLUB" VALUES ('bb083f3a64b14857adb1d2adfb06ee20', '皇家马德里', 'Laliga', '28', '6', '3', '104', '41', '90', '37');
INSERT INTO "FOOTBALL"."F_CLUB" VALUES ('822eaf963bfc40229446bf200846b36b', '巴塞罗那', 'Laliga', '27', '6', '4', '112', '35', '87', '37');
INSERT INTO "FOOTBALL"."F_CLUB" VALUES ('822eaf963bfc40229446bf200846b300', '广州富力', 'China', '5', '2', '2', '14', '11', '17', '9');
INSERT INTO "FOOTBALL"."F_CLUB" VALUES ('02073c979e8b48f09c988d7275565d1c', '广州恒大', 'China', '7', '1', '1', '21', '12', '22', '9');
INSERT INTO "FOOTBALL"."F_CLUB" VALUES ('749ba114ccf94063a4aac9b5ae659d67', '上海上港', 'China', '6', '2', '1', '20', '7', '20', '9');
INSERT INTO "FOOTBALL"."F_CLUB" VALUES ('5bd256952b7d403fab2d29fe3d317c1b', '拜仁慕尼黑', 'Bundesliga', '24', '7', '2', '85', '21', '79', '33');
INSERT INTO "FOOTBALL"."F_CLUB" VALUES ('9b5b08000e7f494781c7e09f2a959d5f', '尤文图斯', 'Serie', '27', '2', '4', '68', '20', '83', '33');
INSERT INTO "FOOTBALL"."F_CLUB" VALUES ('180cdd13877e4c88acbc106b006c5550', '摩纳哥', 'Ligue', '25', '5', '3', '92', '28', '80', '33');
INSERT INTO "FOOTBALL"."F_CLUB" VALUES ('d53795b835714ba3ba58f8abff380608', '切尔西', 'EPL', '25', '3', '5', '69', '29', '78', '33');
INSERT INTO "FOOTBALL"."F_CLUB" VALUES ('7daecacb4977470e8aad7b2e236e3adc', '河北华夏幸福', 'China', '4', '4', '1', '16', '9', '16', '9');
INSERT INTO "FOOTBALL"."F_CLUB" VALUES ('b03dccecb4e347209e3d4fbff4a031ee', '山东鲁能', 'China', '5', '1', '2', '13', '6', '16', '8');
INSERT INTO "FOOTBALL"."F_CLUB" VALUES ('f70cac4ac856487e98a670e9b9f0adcb', '北京国安', 'China', '4', '2', '3', '13', '13', '14', '9');
INSERT INTO "FOOTBALL"."F_CLUB" VALUES ('e108d64da57c4761b755ed1f12b0520c', '上海申花', 'China', '3', '2', '3', '15', '12', '11', '8');
INSERT INTO "FOOTBALL"."F_CLUB" VALUES ('fc4af08088364761afd4105947f49cce', '辽宁沈阳开新', 'China', '2', '4', '3', '13', '16', '10', '9');
INSERT INTO "FOOTBALL"."F_CLUB" VALUES ('62cca8d9e3d648e99212d3088d4200df', '重庆力帆', 'China', '2', '4', '3', '10', '12', '10', '9');
INSERT INTO "FOOTBALL"."F_CLUB" VALUES ('dcf64c6a087a4dde936aadcd09b5db3f', '天津权健', 'China', '2', '4', '3', '9', '12', '10', '9');
INSERT INTO "FOOTBALL"."F_CLUB" VALUES ('18b865833949456484d227e5efdc599b', '贵州恒丰智诚', 'China', '2', '3', '4', '8', '12', '9', '9');
INSERT INTO "FOOTBALL"."F_CLUB" VALUES ('2b4bb31444b3463da1cf7094ea9c1490', '天津泰达', 'China', '2', '3', '4', '6', '12', '9', '9');
INSERT INTO "FOOTBALL"."F_CLUB" VALUES ('ec655e6c426a434d89ad2dd1eed7730c', '长春亚泰', 'China', '2', '1', '6', '8', '15', '7', '9');
INSERT INTO "FOOTBALL"."F_CLUB" VALUES ('11cb06033e4946c397dcb124dd50884b', '河南建业', 'China', '1', '4', '4', '7', '11', '7', '9');
INSERT INTO "FOOTBALL"."F_CLUB" VALUES ('b2da2adca4d54878be8c212e71bb8fe8', '江苏苏宁', 'China', '1', '4', '4', '9', '16', '7', '9');
INSERT INTO "FOOTBALL"."F_CLUB" VALUES ('87eb239b395d40ccb11a18ccfe3829a0', '延边富德', 'China', '1', '3', '5', '5', '11', '6', '9');
INSERT INTO "FOOTBALL"."F_CLUB" VALUES ('e8e158b4d8134dc9a2deea1ad22e1547', '马竞', 'Laliga', '22', '9', '6', '67', '26', '75', '37');
INSERT INTO "FOOTBALL"."F_CLUB" VALUES ('26f48e2c8f00488ba0cdbafbb24c47e7', '塞维利亚', 'Laliga', '20', '9', '8', '64', '49', '69', '37');
INSERT INTO "FOOTBALL"."F_CLUB" VALUES ('464779ed680d4e60bdb9732dbe90a138', '比利亚雷亚尔', 'Laliga', '18', '10', '9', '53', '32', '64', '37');
INSERT INTO "FOOTBALL"."F_CLUB" VALUES ('b1399e4640784aba95ec55de7695c7b9', '毕尔巴鄂竞技', 'Laliga', '19', '6', '12', '52', '40', '63', '37');
INSERT INTO "FOOTBALL"."F_CLUB" VALUES ('eeb781b9539b4a6f9ca4dd14b58b6243', '皇家社会', 'Laliga', '19', '6', '12', '57', '51', '63', '37');
INSERT INTO "FOOTBALL"."F_CLUB" VALUES ('106a18ec13ef4a03b61d57aea6289dc8', '西班牙人', 'Laliga', '15', '11', '12', '49', '50', '56', '38');
INSERT INTO "FOOTBALL"."F_CLUB" VALUES ('58eaca443704473f84c6e2fa1ba77be5', '埃瓦尔', 'Laliga', '15', '9', '13', '54', '47', '54', '37');
INSERT INTO "FOOTBALL"."F_CLUB" VALUES ('c4d23f9b26bb4d88a573e1c1e75447a3', '阿拉维斯', 'Laliga', '14', '12', '11', '40', '42', '54', '37');
INSERT INTO "FOOTBALL"."F_CLUB" VALUES ('fedbed26ffa14c2ab18eddd7c01a2bfb', '马拉加', 'Laliga', '12', '10', '15', '49', '53', '46', '37');
INSERT INTO "FOOTBALL"."F_CLUB" VALUES ('448f8c93092f4991ae17e9650e3c91fb', '瓦伦西亚', 'Laliga', '13', '7', '17', '55', '62', '46', '37');
INSERT INTO "FOOTBALL"."F_CLUB" VALUES ('aad39af2b98343b7a634beb33f201a42', '塞尔塔', 'Laliga', '13', '5', '19', '51', '67', '44', '37');
INSERT INTO "FOOTBALL"."F_CLUB" VALUES ('24016a559e6f4d7a90ca4981409aa99c', '拉斯帕尔马斯', 'Laliga', '10', '9', '18', '53', '71', '39', '37');
INSERT INTO "FOOTBALL"."F_CLUB" VALUES ('e914fa669649424187d1c76365d96a65', '贝蒂斯', 'Laliga', '10', '8', '19', '39', '62', '38', '37');
INSERT INTO "FOOTBALL"."F_CLUB" VALUES ('b49b5cc8c5bd4a27a2399a07d408ac38', '莱加内斯', 'Laliga', '8', '10', '19', '35', '54', '34', '37');
INSERT INTO "FOOTBALL"."F_CLUB" VALUES ('0c677b1617944f1485fa36e67cd24723', '拉科鲁尼亚', 'Laliga', '7', '12', '18', '40', '61', '33', '37');
INSERT INTO "FOOTBALL"."F_CLUB" VALUES ('2c4a5b9fc0da46bca3b98ff1783f8bfd', '希洪竞技', 'Laliga', '7', '9', '21', '40', '70', '30', '37');
INSERT INTO "FOOTBALL"."F_CLUB" VALUES ('63428cfc17d44f46a8c8a779bfe684c3', '奥萨苏纳', 'Laliga', '4', '10', '23', '40', '89', '22', '37');
INSERT INTO "FOOTBALL"."F_CLUB" VALUES ('5b0dcfe750cf4c0790798cc1b389d546', '格拉纳达', 'Laliga', '4', '8', '26', '30', '82', '20', '38');
INSERT INTO "FOOTBALL"."F_CLUB" VALUES ('4e82175661034428838a0832f3efb272', 'RB莱比锡', 'Bundesliga', '20', '6', '7', '64', '37', '66', '33');
INSERT INTO "FOOTBALL"."F_CLUB" VALUES ('dfa542497a284c2580290daa1d083ab7', '多特蒙德', 'Bundesliga', '17', '10', '6', '68', '37', '61', '33');
INSERT INTO "FOOTBALL"."F_CLUB" VALUES ('ebd979b0304a46cdb4a74959d4d140d4', '霍芬海姆', 'Bundesliga', '16', '13', '4', '64', '37', '61', '33');
INSERT INTO "FOOTBALL"."F_CLUB" VALUES ('f8e15ae05a5c4f269255359dc20b4f72', '柏林赫塔', 'Bundesliga', '15', '4', '14', '41', '41', '49', '33');

-- ----------------------------
-- Table structure for F_CODE
-- ----------------------------
DROP TABLE "FOOTBALL"."F_CODE";
CREATE TABLE "FOOTBALL"."F_CODE" (
"CODEID" VARCHAR2(32 BYTE) NOT NULL ,
"CODETYPE" VARCHAR2(10 BYTE) NOT NULL ,
"CODEKEY" VARCHAR2(10 BYTE) NOT NULL ,
"CODEVALUE" VARCHAR2(20 BYTE) NOT NULL 
)
LOGGING
NOCOMPRESS
NOCACHE

;

-- ----------------------------
-- Records of F_CODE
-- ----------------------------
INSERT INTO "FOOTBALL"."F_CODE" VALUES ('bb083f3a64b14857adb1d2adfb06ee01', 'gameType', 'China', '中超');
INSERT INTO "FOOTBALL"."F_CODE" VALUES ('bb083f3a64b14857adb1d2adfb06ee02', 'gameType', 'Laliga', '西甲');
INSERT INTO "FOOTBALL"."F_CODE" VALUES ('bb083f3a64b14857adb1d2adfb06ee03', 'gameType', 'Bundesliga', '德甲');
INSERT INTO "FOOTBALL"."F_CODE" VALUES ('bb083f3a64b14857adb1d2adfb06ee04', 'gameType', 'Serie', '意甲');
INSERT INTO "FOOTBALL"."F_CODE" VALUES ('bb083f3a64b14857adb1d2adfb06ee05', 'gameType', 'Ligue', '法甲');
INSERT INTO "FOOTBALL"."F_CODE" VALUES ('bb083f3a64b14857adb1d2adfb06ee06', 'gameType', 'EPL', '英超');
INSERT INTO "FOOTBALL"."F_CODE" VALUES ('bb083f3a64b14857adb1d2adfb06ee07', 'gameState', 'A', '未开赛');
INSERT INTO "FOOTBALL"."F_CODE" VALUES ('bb083f3a64b14857adb1d2adfb06ee08', 'gameState', 'B', '上半场');
INSERT INTO "FOOTBALL"."F_CODE" VALUES ('bb083f3a64b14857adb1d2adfb06ee09', 'gameState', 'C', '中场');
INSERT INTO "FOOTBALL"."F_CODE" VALUES ('bb083f3a64b14857adb1d2adfb06ee10', 'gameState', 'D', '下半场');
INSERT INTO "FOOTBALL"."F_CODE" VALUES ('bb083f3a64b14857adb1d2adfb06ee11', 'gameState', 'E', '已结束');

-- ----------------------------
-- Table structure for F_COMMENT
-- ----------------------------
DROP TABLE "FOOTBALL"."F_COMMENT";
CREATE TABLE "FOOTBALL"."F_COMMENT" (
"COMMENTID" VARCHAR2(32 BYTE) NOT NULL ,
"NEWSID" VARCHAR2(32 BYTE) NOT NULL ,
"COMMENTTIME" VARCHAR2(32 BYTE) NOT NULL ,
"COMMENTTEXT" VARCHAR2(300 BYTE) NOT NULL ,
"COMMENTWRITER" VARCHAR2(30 BYTE) NOT NULL ,
"READCOUNT" NUMBER(5) NOT NULL 
)
LOGGING
NOCOMPRESS
NOCACHE

;

-- ----------------------------
-- Records of F_COMMENT
-- ----------------------------
INSERT INTO "FOOTBALL"."F_COMMENT" VALUES ('90b5355d291a4f288a4b4f40911bb900', '90b5355d291a4f288a4b4f40911bb9c1', '2017-04-30 16:04', '小马哥巴萨首球~~~', 'hahaha', '18');
INSERT INTO "FOOTBALL"."F_COMMENT" VALUES ('91c085a263934f92acded6316d782891', '825021688464426899d6d03cb308e3f2', '2017-05-20 21:46', '红黑王朝何日觉醒？', '赛事管理员:小白', '0');
INSERT INTO "FOOTBALL"."F_COMMENT" VALUES ('9752a89fba394ba99bde9ece4d16a296', '9fefe79756014655a1a7e9d23e342e9a', '2017-04-30 17:42', '666', 'bilibili', '3');
INSERT INTO "FOOTBALL"."F_COMMENT" VALUES ('7c4cb3ff425842f0990afe9c38c4d8fb', '218af28a0ca84989bfed5ad48dc78a3a', '2017-05-01 23:44', '不老传奇，布冯！！！', 'hahaha', '2');
INSERT INTO "FOOTBALL"."F_COMMENT" VALUES ('a622cbd76d794a17b607fa3c32462f5b', '90b5355d291a4f288a4b4f40911bb9c1', '2017-04-30 17:20', '梅西带队友超神啦!!!!', 'bilibili', '2');
INSERT INTO "FOOTBALL"."F_COMMENT" VALUES ('7e0ff000953c407c9fb08c29a6e2b573', '8b67b669f30446b8b12a2cb3f3a5679d', '2017-05-04 12:00', '39岁的布冯大叔拍拍18岁的姆巴佩的额头，满眼都是21年前亨利的影子。', 'hahaha', '1');

-- ----------------------------
-- Table structure for F_GAME
-- ----------------------------
DROP TABLE "FOOTBALL"."F_GAME";
CREATE TABLE "FOOTBALL"."F_GAME" (
"GAMEID" VARCHAR2(32 BYTE) NOT NULL ,
"HOMETEAM" VARCHAR2(30 BYTE) NOT NULL ,
"GUESTTEAM" VARCHAR2(30 BYTE) NOT NULL ,
"GOAL" VARCHAR2(2 BYTE) NOT NULL ,
"FUMBLE" VARCHAR2(2 BYTE) NOT NULL ,
"GAMETYPE" VARCHAR2(10 BYTE) NOT NULL ,
"GAMESTATE" VARCHAR2(1 BYTE) NOT NULL ,
"GAMETIME" VARCHAR2(30 BYTE) NOT NULL 
)
LOGGING
NOCOMPRESS
NOCACHE

;

-- ----------------------------
-- Records of F_GAME
-- ----------------------------
INSERT INTO "FOOTBALL"."F_GAME" VALUES ('bb083f3a64b14857adb1d2adfb06ee00', '巴塞罗那', '皇家马德里', '5', '0', 'Laliga', 'D', '2017-04-23 02:35');
INSERT INTO "FOOTBALL"."F_GAME" VALUES ('51fd1103c6fd4fda962b9882a31c280b', '西班牙人', '巴塞罗那', '0', '0', 'Laliga', 'B', '2017-04-30 02:45');
INSERT INTO "FOOTBALL"."F_GAME" VALUES ('81f38ca2989a4e1e973b6d4da2db8d66', '皇家马德里', '瓦伦西亚', '0', '0', 'Laliga', 'A', '2017-04-29 22:15');
INSERT INTO "FOOTBALL"."F_GAME" VALUES ('84ff1d3bb66e48c38337d78c7acaa20e', '皇家社会', '格拉纳达', '0', '0', 'Laliga', 'A', '2017-04-29 19:00');
INSERT INTO "FOOTBALL"."F_GAME" VALUES ('177903336d24402580577c11509098fc', '拉斯帕尔马斯', '马德里竞技', '0', '0', 'Laliga', 'A', '2017-04-30 00:30');
INSERT INTO "FOOTBALL"."F_GAME" VALUES ('4f5cc28151bc4440ac233808c052263e', '河南建业', '广州恒大', '2', '4', 'China', 'E', '2017-04-29 19:35');
INSERT INTO "FOOTBALL"."F_GAME" VALUES ('1e7dcc67120b4b9c9dcd012245aff2d1', '埃弗顿', '切尔西', '0', '0', 'EPL', 'B', '2017-04-30 21:05');
INSERT INTO "FOOTBALL"."F_GAME" VALUES ('656b9001d60a478ba634d7eb06531a7b', '伯恩利', '西汉姆', '0', '0', 'EPL', 'A', '2017-05-21 22:00');
INSERT INTO "FOOTBALL"."F_GAME" VALUES ('b56cbf4fc29e4e42a868e4701b7d256f', '马拉加', '皇家马德里', '0', '0', 'Laliga', 'A', '2017-05-22 02:00');
INSERT INTO "FOOTBALL"."F_GAME" VALUES ('bfef56948cbe48d9bbc83a2493991220', '阿森纳', '埃弗顿', '0', '0', 'EPL', 'A', '2017-05-21 22:00');
INSERT INTO "FOOTBALL"."F_GAME" VALUES ('430c08c016d74c359672c4c94ee61f9b', '切尔西', '桑德兰', '0', '0', 'EPL', 'A', '2017-05-21 22:00');

-- ----------------------------
-- Table structure for F_GIF
-- ----------------------------
DROP TABLE "FOOTBALL"."F_GIF";
CREATE TABLE "FOOTBALL"."F_GIF" (
"GIFID" VARCHAR2(32 BYTE) NOT NULL ,
"GIFTEXT" VARCHAR2(100 BYTE) NULL ,
"GIFTIME" VARCHAR2(30 BYTE) NOT NULL ,
"GAMEID" VARCHAR2(32 BYTE) NOT NULL 
)
LOGGING
NOCOMPRESS
NOCACHE

;

-- ----------------------------
-- Records of F_GIF
-- ----------------------------
INSERT INTO "FOOTBALL"."F_GIF" VALUES ('d5aaf42838fa46d48a121144829c1871', '惊天倒钩破门', '2017-04-30 19:11', 'bb083f3a64b14857adb1d2adfb06ee00');
INSERT INTO "FOOTBALL"."F_GIF" VALUES ('0bc8acf718d5428e934b08528841a864', '梅西传中组织进攻！', '2017-05-10 21:41', '51fd1103c6fd4fda962b9882a31c280b');
INSERT INTO "FOOTBALL"."F_GIF" VALUES ('52ef49245c6d49e386833e6852cddf4a', '罗本内切劲射破门', '2017-04-30 19:10', 'bb083f3a64b14857adb1d2adfb06ee00');

-- ----------------------------
-- Table structure for F_LIVEWORD
-- ----------------------------
DROP TABLE "FOOTBALL"."F_LIVEWORD";
CREATE TABLE "FOOTBALL"."F_LIVEWORD" (
"LIVEID" VARCHAR2(32 BYTE) NOT NULL ,
"GAMEID" VARCHAR2(32 BYTE) NOT NULL ,
"LIVETIME" VARCHAR2(30 BYTE) NOT NULL ,
"LIVEWORD" VARCHAR2(300 BYTE) NOT NULL 
)
LOGGING
NOCOMPRESS
NOCACHE

;

-- ----------------------------
-- Records of F_LIVEWORD
-- ----------------------------
INSERT INTO "FOOTBALL"."F_LIVEWORD" VALUES ('cef020b2f70e4051bf8ad8b7fba96556', 'bb083f3a64b14857adb1d2adfb06ee00', '2017-04-29 23:50', '梅西任意球打门！！！');
INSERT INTO "FOOTBALL"."F_LIVEWORD" VALUES ('8dce535b1b4a44bdb2ebe6fa303415a9', 'bb083f3a64b14857adb1d2adfb06ee00', '2017-04-30 18:55', '前点！！！');
INSERT INTO "FOOTBALL"."F_LIVEWORD" VALUES ('c89464f6bcdf4446baead52ffc16d817', 'bb083f3a64b14857adb1d2adfb06ee00', '2017-04-30 18:56', '被皇马解围出来，拉莫斯的这一下解围很关键啊！！！');
INSERT INTO "FOOTBALL"."F_LIVEWORD" VALUES ('295a06e6c7874848aa136b4de117789b', '51fd1103c6fd4fda962b9882a31c280b', '2017-05-10 21:39', '裁判一声哨响，比赛正式开始！');

-- ----------------------------
-- Table structure for F_NEWS
-- ----------------------------
DROP TABLE "FOOTBALL"."F_NEWS";
CREATE TABLE "FOOTBALL"."F_NEWS" (
"NEWSID" VARCHAR2(32 BYTE) NOT NULL ,
"NEWSTITLE" VARCHAR2(90 BYTE) NOT NULL ,
"NEWSCONTENT" VARCHAR2(3000 BYTE) NOT NULL ,
"NEWSTIME" VARCHAR2(30 BYTE) NOT NULL ,
"NEWSWRITER" VARCHAR2(60 BYTE) NOT NULL ,
"READCOUNT" NUMBER(6) NOT NULL ,
"PICTUREID" VARCHAR2(32 BYTE) NOT NULL ,
"NEWSTYPE" VARCHAR2(10 BYTE) NOT NULL ,
"NEWSPROPERTY" VARCHAR2(1 BYTE) NOT NULL 
)
LOGGING
NOCOMPRESS
NOCACHE

;

-- ----------------------------
-- Records of F_NEWS
-- ----------------------------
INSERT INTO "FOOTBALL"."F_NEWS" VALUES ('822eaf963bfc40229446bf200846b3b6', '下一站巴黎？图片报：奥巴梅扬赛季后将决定未来', ' 据《图片报》的报道，多特蒙德前锋奥巴梅扬将会在赛季后决定自己的未来。

据报道，巴黎圣日耳曼目前对奥巴梅扬非常感兴趣，他们已经在一月份和四月份接连与奥巴梅扬的父亲取得了联系，在巴黎，奥巴梅扬可以将现在800万欧的年薪提升到1200万欧，而奥巴梅扬最快将会在德甲联赛结束后决定自己的未来。

另据报道，多特蒙德方面对于奥巴梅扬的要价是至少7000万欧，此外，奥巴梅扬一直梦想加盟的皇马，主帅齐达内则对他并不感兴趣。', '2017-04-27 14:23', '图片报', '0', 'f3039c27a7b14a369f133b37e35be398', 'Bundesliga', 'B');
INSERT INTO "FOOTBALL"."F_NEWS" VALUES ('b2f5bfc1595342849999bc80c872ff4d', '马竞主场力克拜仁 萨乌尔一条龙破门', '今晨，欧冠联赛半决赛首回合又赛1场，拜仁客场0比1负于马竞，连续8个欧冠淘汰赛客场不胜（4平4负）。开场不久，萨乌尔一条龙破门。下半时，阿拉巴远射中楣，托雷斯打中立柱。', '2016-04-28 11:14', '球霸', '0', '93fa74a2eaed48af9d5dda260ef25146', 'Laliga', 'A');
INSERT INTO "FOOTBALL"."F_NEWS" VALUES ('10d880580cb344bd8bc3ac361214a638', '里昂门将洛佩斯：这是场灾难，要先消化失望情绪', '法甲巨人里昂在欧联赛场上1-4不敌阿贾克斯，里昂门将安东尼-洛佩斯将这场失利形容为一场“灾难”。

“这是一场灾难，我们在比赛开头有自己的打算，不过他们传导开了，他们有技术非常好的球员，做出了准确的传球。我们也有过机会但没把握住。还有希望，还有90分钟，我们要争取3-0或者4-1，我们必须先消化这些失落的情绪。”

对里昂来说，拉卡泽特在比赛最后14分钟替补登场是个好消息。拉卡泽特在赛后表示自己已经摆脱了受伤的痛苦：“这场比赛很让人沮丧，因为我们在比赛开始阶段一度让他们陷入麻烦。后来我们没听教练的指示。”

“我告诉我的队友们我还相信，我希望大家都能够相信。我没有感觉到疼痛，我希望在下周四能够首发。”', '2017-05-04 11:48', 'Goal.com', '0', '3b52eb9e207042d18d3489e7ce73b211', 'WorldWide', 'B');
INSERT INTO "FOOTBALL"."F_NEWS" VALUES ('78687e4a83f84833b472262c68ff20a7', '伊瓜因：三冠王？我们自八月起就在梦想它了', '昨晚的星光属于伊瓜因，他在欧冠半决赛摩纳哥的主场独中两元。这名尤文图斯前锋希望能帮助球队晋级决赛，他在赛后对记者表示：

“我对今天的结果很高兴，这真的很重要。自去年八月起我们就想着要去到卡迪夫，现在我们就差一步了。我总是试着去扮演好我的角色。我们会继续努力，我们离三个重要目标都非常近了，我们可以拿到它们。我们这支队伍每个人只要在场上就会拼，不管是先发还是替补。”

“这个结果也还不把握，我们还要在主场再踢一场才能确保晋级。三冠王吗？那是我们自八月开始就梦想的事情了！”', '2017-05-04 11:46', '迪马济奥个人网站', '0', 'c93b1cac9d4f4cce9976e98c1b870c0f', 'WorldWide', 'B');
INSERT INTO "FOOTBALL"."F_NEWS" VALUES ('22ed4d9de8f84c44b3bac7816695f9fd', '英评论员李-迪克森：尤文看起来像多一个人一样', '尤文图斯本赛季11场欧战已经9场零封对手，这场客战摩纳哥的胜利是他们连续第6场欧冠比赛没让对方进球。他们成为自2015年11月以来首支让摩纳哥在自己主场哑火的球队，前英格兰国脚、评论员李-迪克森一度觉得尤文在多一人作战。

“我曾去数球员人数，因为我以为穿蓝色球衣的要多一人。连续六场零封，我以为这创纪录了，不过不是，阿森纳做到过连续十场。”

“他们像机器一样，有出色的能力，每名球员都参与防守去抢球，制造犯规但让它们看起来不像犯规。他们这点做的很出色。他们在前场也有能创造机会的球员。我认为他们是那些最好的球队中全能的那一支。”

前欧冠得主罗伊-基恩也不吝赞美之词，不过他更多的关注尤文的进攻打法：“我们总是在说他们防守多好，如果你再看一遍那个进球，那是值得一看的好球。我认为摩纳哥没犯太多错误，只不过是尤文太精准了，一些球员在进攻端有着出色的发挥。”', '2017-05-04 11:47', '每日邮报', '0', '8b4d47953ddd421eae258c7b99b5ba24', 'WorldWide', 'B');
INSERT INTO "FOOTBALL"."F_NEWS" VALUES ('3ed3a1c3078b4a5a8f727c3984abe66e', 'C罗社交媒体帐号Instagram追随者超过1亿', '这一周对C罗来说颇有意义，他不仅将自己在皇马上演帽子戏法的次数增添到42次，还成为首位Instagram粉丝超过1亿的体育明星。尽管人们会争议C罗和梅西谁才是那个终极巨星，在社媒表现上来看，葡萄牙人要领先于阿根廷人的7000余万。

有113支参与过欧冠球队的进球数还没有C罗的个人进球数多，不过这台进球机器在昨天夜间又达成了一个新目标。——《体育邮报》注意到，在摩纳哥与尤文的第一回合较量进行的同时，C罗在Insta上的追随者人数突破了1亿。

C罗作为球员会打进不同类型的进球，不过他在Insta上的发帖类型大致有以下几类：与跑车的合影、生涯中的标志性时刻以及和亲人的合照。

目前Insta粉丝数量排在皇马巨星之前的只剩赛琳娜-戈麦斯、爱莉安娜·格兰德、泰勒-斯威夫特和碧昂斯。C罗有望在本月超过碧昂斯1亿1百万的粉丝数。C罗不仅是首位Insta追随者达到1亿的男性，还拥有着第一个在Facebook以及Insta两大平台上均被1亿人追随的帐号。', '2017-05-04 11:49', '每日邮报', '0', '855ebdcdac9a407d96b58e11bd85df47', 'Laliga', 'B');
INSERT INTO "FOOTBALL"."F_NEWS" VALUES ('289af7a4124f4edda9609542cd9808eb', '基耶利尼：下回合在我们主场还按这种方式踢', ' 在帮助斑马军团再一次在欧冠赛场上零封对手之后，基耶利尼表示：“这是个重要的结果，不能否认。如果你赛前说我们能2-0在客场胜利，我们可能不会相信。”

“这当然是通往卡迪夫的重要一步，不过还有90分钟要踢，幸运的是我们会在主场比赛，我相信我们还会按照今晚这种方式来踢。”

“这是一支特别的球队，防守只是其中一部分。前场的家伙们今晚非常出色，我们在后面踢得很好，不过我们要感谢布冯，因为当你面对这么强的对手时他们总会找到几个机会。”

“巴尔扎利的作用很重要；阿尔维斯和伊瓜因在创造机会方面做的很出色。”

尤文与摩纳哥的第二回合较量将在下周进行，不过周六斑马军团还有一场都灵德比要踢。“是的，我们接下来有重要的一周，不过我们会带着满满的能量和热情去迎接它。”', '2017-05-04 11:50', '尤文图斯官网', '0', '6b6d930127d5434491bcf3c5c3e8cf3a', 'Serie', 'B');
INSERT INTO "FOOTBALL"."F_NEWS" VALUES ('417961bcf3e446c398518efe1e7fc736', '1-0先生！罗伊斯复出后四场比赛均打入多特首球', '  多特北京时间今天凌晨击败拜仁晋级德国杯决赛，大黄蜂官网公布了一组有趣的数据：创造历史：多特蒙德成为首支连续四年晋级德国杯决赛的球队。1-0先生：罗伊斯复出后的四场比赛均为多特蒙德打入球队的第一粒进球，分别是对战：法兰克福、摩纳哥、门兴和拜仁。', '2017-04-27 11:25', '多特蒙德官网', '0', 'b1736a795c9547489f11509f5ad0d13e', 'Bundesliga', 'B');
INSERT INTO "FOOTBALL"."F_NEWS" VALUES ('b65c1c3c8caf40a19bbbb7c06708d91a', '逆转拜仁晋级决赛，多特蒙德众将赛后发声', '  多特蒙德在北京时间今天凌晨结束的一场德国杯半决赛中以3-2逆转拜仁晋级决赛，赛后多特众将发表了对比赛的看法。比尔基：“今天全队有着超棒的表现。我们展现了伟大的精神力量。在慕尼黑做到这一点并不容易，特别是3周前我们刚在这里输过1-4。”

魏格尔：“在慕尼黑你想获胜的话需要一点运气。我想决定性的因素是我们一直在倾尽所有，比尔基也做了几个漂亮的扑救。我们知道自己有能力为比赛烙上自己的印记，很幸运我们做到了。到最后没人在乎我们是不是幸运的一方，我们晋级决赛才是重要的！”

罗伊斯：“更衣室里充满了快乐。这是一场非常刺激的比赛。当然，拜仁有过一些好的机会，但不走运的是他们没把握住。从第65分钟开始，我们感到自己仍有充足的能量去逆转比赛。扳平的那个球对我们的心态极其重要。最后，这可能不是一场特别干脆的胜利，不过我们因自己的精神力量而被奖赏。”

施梅尔策：“幸运今天站在我们这一方，让我们能在最后再次把握住机会。对球迷来讲这是一场两个门前都有许多机会的精彩比赛，也以我们的胜利收场。本德做出了令人难以置信的解围，如果他们进了第三球，那比赛可能就结束了。给实现逆转的全队一个大大的赞。现在重要的是我们要完成在柏林的工作，那是我们的目标。”', '2017-04-27 12:08', '多特蒙德官网', '0', '4822daf4192d4edd94c660b2cae1df56', 'Bundesliga', 'A');
INSERT INTO "FOOTBALL"."F_NEWS" VALUES ('c7c6066a41db4cce85fc1ce21fbba090', '西甲综述：马拉加迎连胜，瓦伦西亚不敌皇家社会', '  北京时间4月27日，西甲联赛第34轮结束多场较量，其中：希洪竞技1-1西班牙人，格拉纳达0-2马拉加，莱加内斯3-0拉斯帕尔马斯，瓦伦西亚2-3皇家社会。', '2017-04-27 11:24', '虎扑足球', '0', '21d3786159bf4c70a29c0e64870d2cb8', 'Laliga', 'B');
INSERT INTO "FOOTBALL"."F_NEWS" VALUES ('58cc0eec10194614945218055ae30afc', '温格：胜利是给占据场上主动权球队的奖赏', '阿森纳在本轮联赛依靠莱斯特城后卫胡特的乌龙球1-0小胜莱斯特城，目前战32轮暂积63分，排名英超积分榜第6名，落后第4名曼城4分。阿森纳主帅阿尔塞纳-温格赛后接受了采访，他谈到了接下来的北伦敦德比，球队的阵型和本场比赛的分析。“我们占据着场上主动权，但我们缺少一点速率的变化和传控的渗透力，你们可以看见我们有时候有一些拖沓。但你也可以看见我们很认真且谨慎，没有给对手什么机会。也许我们在比赛中缺少一些速度让对手防守时失位，但莱斯特城的防守确实做得很好，我们很难让他们失去他们占据的防守位置。但在最后，我认为胜利是奖赏给占据场上主动权的球队的。总的来说，我们非常高兴，因为我们全取了3分，在此前我们也都知道今晚将会是一个非常困难的夜晚。但我们不要忘记了上周末我们还踢了足总杯与曼城的比赛，而莱斯特城在上周末并没有比赛。所以莱斯特城的备战要比我们更充分，我们一早就知道我们在取胜道路上有波澜险阻。”', '2017-04-27 12:10', '阿森纳官网', '0', '6146580900bd465e8c760850da29b1b4', 'EPL', 'B');
INSERT INTO "FOOTBALL"."F_NEWS" VALUES ('218af28a0ca84989bfed5ad48dc78a3a', '意名宿：实际上尤文已经获得联赛冠军了', '意大利名宿斯蒂法诺-塔科尼在接受采访时表示，尤文在联赛中实际上已经夺冠了。

尤文有望获得本赛季的三冠王，意大利名宿塔科尼在接受采访时表示：“尤文不像其他球队那样还有羁绊，他们已经基本获得联赛冠军了。联赛还有五轮就要结束，即便在和亚特兰大的比赛中犯下错误，对尤文来说也没有关系。”

“我想我们可以说尤文已经闯进欧冠决赛了，现在每个人头脑中想的都是三冠王的荣誉，球队显然希望获得所有冠军。出于很多原因，尤文今年并没有遇到什么对手，其他球队只能在恐惧中颤抖。”', '2017-04-27 12:11', 'Football-Italia', '0', '7b93f18bf25f40c2afdbb8c497ec00c7', 'Serie', 'B');
INSERT INTO "FOOTBALL"."F_NEWS" VALUES ('8e358d6c8eea4af8961920dff741c22b', '马卡：西蒙尼谢绝国米邀请，将继续执教马竞', '西班牙媒体报道称，马竞主帅西蒙尼拒绝了国际米兰的邀请。

在孔蒂确定留在切尔西后，马竞主帅西蒙尼成为了国米选帅的首选，媒体称国际米兰准备为西蒙尼提供一份丰厚的薪水，并且赋予西蒙尼很大的转会权利。球队体育总监奥西里奥还来到了西班牙和西蒙尼的教练团队进行了会面。

不过《马卡报》称西蒙尼谢绝了国米的邀请，他目前准备继续带领马竞征战。

现在国际米兰不得不考虑其他选择，这其中包括罗马主帅斯帕莱蒂和前黄潜主帅马塞利诺。', '2017-04-27 12:12', 'Football-Italia', '0', 'b6c7d8946e0749d68abbc34d9685a410', 'Laliga', 'B');
INSERT INTO "FOOTBALL"."F_NEWS" VALUES ('785b52946864440ba472fdabc4546011', 'J罗：替补踢得更好？或许是因为我们更珍惜机会', '皇马中场J罗在今天凌晨的比赛中首发出场，梅开二度帮助皇马客场带走3分，赛后对于胜利，J罗评价道：“我们今天踢得很积极，有很强的求胜欲，我们从比赛开始就全心投入，比赛结果也对得起我们的努力。现在还剩5场联赛，对我们来说就是5场决赛，我们应该认真对待每一场比赛。”

对于外界关于皇马替补比主力踢得更好的言论，J罗回应道：“我们踢得是不是更好我不清楚，但是如果要找个理由的话，可能是因为我们平时出场时间不多，所以每当获得出场机会的时候就会倾尽全力拿出最好的表现。当然，其他球员出场的时候也踢得不错。”

J罗也表示自己最近几场进球后的庆祝动作都是献给自己女儿的。', '2017-04-27 12:14', '阿斯报', '0', '96e339e5140c46de83b037f0c479dfcd', 'Laliga', 'B');
INSERT INTO "FOOTBALL"."F_NEWS" VALUES ('5172aeb719584ceb98b5ce6ce1d33345', '传伯恩茅斯欲收购切尔西两将阿克与贝戈维奇', '  据《镜报》报道，伯恩茅斯有信心在今年夏天签下切尔西双星阿克以及贝戈维奇。
  伯恩茅斯主帅埃迪-豪将这二人视为了引援首选目标，他愿意为这两人支付2500万英镑。阿克本赛季曾被租借到伯恩茅斯效力，在被蓝军提前召回前，他为伯恩茅斯出战10场联赛。', '2017-04-25 17:00', '天空体育', '0', '028348e906b64f3f9bf1176b93bdfe98', 'EPL', 'B');
INSERT INTO "FOOTBALL"."F_NEWS" VALUES ('3e94c0b68b6642f7a2cba1de7a4e718d', '切赫：若不进前四，足总杯也无法冲淡这份失望', '  切赫认为阿森纳在足总杯半决赛后来居上逆转曼城，证明了球队不缺乏领袖人物。
  然而，这位门神还是承认，即便在4年里第三次夺得足总杯，也无法成为球队错过下赛季欧冠联赛的借口。上周末阿森纳逆转取胜，切赫认为外界批评球员精神意志不够强大有失公允：“我觉得要躲起来很容易‘噢他们有领袖球员在但他们缺乏领袖’。你必须看看幕后，看看这支球队干得多好，我们运作得多好。”', '2017-04-25 16:57', '天空体育', '0', '01e2317635574e27afd4a800bc8d64c0', 'EPL', 'B');
INSERT INTO "FOOTBALL"."F_NEWS" VALUES ('7bfd5b8ca897424a8de24b9dd40b4992', '卢卡斯办晚宴庆红军生涯10周年，众星到场祝贺', '  利物浦现役球星以及俱乐部传奇齐聚一堂为红军现役球员卢卡斯庆祝，这名巴西球员已在这家默西塞德俱乐部效力了10个年头。
  利物浦在上周末不敌水晶宫给卢卡斯的庆祝晚宴蒙上阴影，但红军队内依然士气高昂，他们将期待下周一与沃特福德的比赛。这支默西塞德球队目前排名联赛第三。', '2017-04-25 17:02', '每日邮报', '0', 'c9b80d40b60e4056a4dbff4345f10598', 'EPL', 'B');
INSERT INTO "FOOTBALL"."F_NEWS" VALUES ('b7ecfb4b8a714391a1727abaaad1487e', '洛里：我们要继续在身后给切尔西施加压力', '  目前切尔西仍然领先第二位的热刺4分，而热刺门将洛里则表示球队必须给切尔西施压。在周末结束的足总杯半决赛中，热刺2-4不敌切尔西，他们将在周中面对状态正佳的水晶宫。
  洛里在接受采访时说：“在足球世界里，你必须相信一切皆有可能，我们都不知道接下来会发生什么。如果我们尽力了，这将会是我们美好的回忆，因为我们一直在给切尔西施压。他们也是凡人。我么能做的就是踢好自己的比赛。”', '2017-04-25 17:04', '伦敦晚旗报', '0', '436f8f897b304c038918403e5688383d', 'EPL', 'B');
INSERT INTO "FOOTBALL"."F_NEWS" VALUES ('72531c87bded4023bd901390dcef45f7', '罗杰斯：利物浦在争四大战中仍有优势', '  前利物浦主帅罗杰斯相信他的老东家能在本赛季英超前四争夺中战胜曼联。
  目前利物浦比曼联多积3分，但却要多踢两场，他们在上轮联赛中1-2不敌水晶宫。但目前执教凯尔特人的罗杰斯依然看好红军完成本赛季前四目标。', '2017-04-25 17:05', '每日邮报', '0', '55a681f2438f4f4ba581f45b084f72c1', 'EPL', 'B');
INSERT INTO "FOOTBALL"."F_NEWS" VALUES ('e89f2c2e34cf439196eb8fb371082e75', '纽卡斯尔联提前两轮升级成功，下赛季将重返英超', '  北京时间4月25日凌晨进行的英冠联赛第44轮中，纽卡斯尔联坐镇圣詹姆斯公园球场迎战普雷斯顿。最终纽卡斯尔联4-1战胜普雷斯顿，积88分排名积分榜第二位，领先第三名雷丁9个积分，在联赛还剩两轮的情况下提前升入下赛季英超。', '2017-04-25 17:06', '天空体育', '0', 'd4d6ac0797cf47419781572e81bd88ef', 'EPL', 'B');
INSERT INTO "FOOTBALL"."F_NEWS" VALUES ('775ff14295e24bd3abfc7465b8f0a689', '一名愤怒的曼城球迷致电英媒炮轰主帅瓜迪奥拉', '  曼城在足总杯半决赛不敌阿森纳后遭遇了四大皆空，这让一些曼城球迷对主帅瓜迪奥拉非常不满。
  一名愤怒的球迷就直接一通电话打进了talkSPORT电台，称自己已经受够了瓜迪奥拉，并指出瓜迪奥拉不愿听从别人的意见，他不认为瓜迪奥拉是适合曼城帅位的人。这名球迷说道：“我只想要瓜迪奥拉承认自己做不到，之前无论他在哪里执教，他手下都有很多的优秀球员。', '2017-04-25 17:08', '曼彻斯特晚报', '0', '7ec6a31a3c854a1bb657d2ac497e82bf', 'EPL', 'B');
INSERT INTO "FOOTBALL"."F_NEWS" VALUES ('ed1647cd2e5942ecb3607cdca18a312f', '皇马2-3巴萨---今夜球王想赢球', '  虽然巴萨很可能只能接受这是一个失败的赛季，不过对于梅西来说，今晚他证明了自己依然是这个星球上独一档的存在。
  即便抛开2个进球，梅西在今晚的表现也是全场最佳。一个跑动量达到阿根廷国家队水准的梅西，在俱乐部层面是无人可挡的。从回撤拿球，完成推进，进攻发起，到最后的射门终结，梅西完美诠释了一个进攻核心所应该完成的一切内容。', '2017-04-25 17:09', '我和红蓝有个约会', '0', 'd24b6b4e87c640d3a54c719f37fb5d0c', 'Laliga', 'A');
INSERT INTO "FOOTBALL"."F_NEWS" VALUES ('936a45d3194642a38da2e8e3b239e4ba', '尤文3-0巴萨---布局出错再陷绝境', '  对于巴萨来说，本赛季最大的失败还是在于没能更早地放弃联赛。主帅路易斯恩里克摇摆不定之间，失去了自己最好的夺冠机会。
  眼下的巴萨完全不具备双线作战的体力和心态，上一场联赛中MSN、马斯切拉诺一起先发，下半场又换上伊涅斯塔的做法其实已经为本场的败局打下了伏笔。', '2017-04-25 17:10', '我和红蓝有个约会', '0', 'd896080002a846028e6f6501285904f1', 'Laliga', 'B');
INSERT INTO "FOOTBALL"."F_NEWS" VALUES ('4ff7a3c9c9074b15b79c869a93ce959e', '西媒：曼联已愿意与皇马商谈德赫亚交易', '  据西班牙电台ondacero的报道，曼联愿意与皇马进行德赫亚交易的商讨。
  该媒体一档名为'El Transistor''的节目近日表示曼联愿意放德赫亚离开，他们也通过经纪人门德斯将此事告知了皇马。虽然说这笔交易的首要问题可能会是德赫亚的年薪，因为曼联方面为德赫亚提供的是1200万欧元的年薪，这是皇马不愿意支付的价格。《马卡报》称这是因为皇马认为如此的年薪会对更衣室带来不好的影响。', '2017-04-25 17:12', 'Onda Cero', '0', '68147061d2f94840a7ce722d85ff5791', 'Laliga', 'B');
INSERT INTO "FOOTBALL"."F_NEWS" VALUES ('bbb3054c9d26409bb91ae30792da357f', '科斯塔双响阿扎尔破门，切尔西4-2南安普顿', '虎扑足球4月26日讯 北京时间4月26日02:45，英超联赛第34轮，切尔西主场迎战南安普顿。上半场阿扎尔为蓝军先拔头筹，罗梅乌扳平比分，卡希尔头球破门再度超出。易边再战，迭戈-科斯塔梅开二度锁定胜局，伯特兰破门补时破门挽回颜面。最终全场战罢，切尔西主场4-2击败南安普顿，取胜后切尔西积78分，领先少赛一场的热刺7分，继续领跑英超积分榜。', '2017-04-26 10:56', '战报团', '0', '27380fc520d54609b76999c2fbe9a966', 'EPL', 'A');
INSERT INTO "FOOTBALL"."F_NEWS" VALUES ('fb747895cc974472a800264c6ff790b0', '欧冠半决赛对阵：皇马vs马竞，摩纳哥vs尤文图斯', '  2016-17赛季欧洲冠军联赛半决赛抽签仪式刚刚在瑞士尼翁结束，最终结果如下：
  欧冠半决赛对阵（在前球队先踢主场）：
  皇马（西班牙）vs 马竞（西班牙）
  摩纳哥（法国) vs 尤文图斯（意大利） 
  在欧冠决赛进行时，尤文图斯与摩纳哥之间的胜者将以主队身份出战。
  欧冠半决赛的两回合对阵将分别在北京时间5月3日/4日、5月10日/11日进行。半决赛的胜者将在6月4日前往威尔士加的夫国家体育场争夺最终的冠军。', '2017-04-25 17:14', '欧足联官网', '0', '1d1416ac9c244d1aa272d2dc41049494', 'WorldWide', 'A');
INSERT INTO "FOOTBALL"."F_NEWS" VALUES ('5f5f4f7c99cc49108c204c094cbe31e9', '阿斯：皇马将为拉莫斯的红牌上诉', '  据《阿斯报》报道，皇马将为拉莫斯在国家德比中拿到红牌上诉。
  在周末的国家德比中，比赛进行到77分钟的时候，拉莫斯双脚飞铲梅西，被主裁判直接出示红牌离场。
  俱乐部认为主裁判埃尔南德斯-埃尔南德斯的决定是不正确的，这是一次犯规，但并不够得上一张红牌。而当事者拉莫斯在混合区接受采访也表示：“我确实晚了一步，那个动作很引人注目，但梅西当时已经跳起来了，我也没碰到他。在任何情况下我都不想伤害别人。”', '2017-04-25 17:16', '阿斯报', '0', '5593d748a0064a2498d0dd9738f46c4e', 'Laliga', 'B');
INSERT INTO "FOOTBALL"."F_NEWS" VALUES ('ad90bf6397a04102b28de4d16b0d44f8', '温格：我相信桑切斯会和阿森纳完成续约', '  温格认为桑切斯将和阿森纳续约，并表示桑切斯续约未完成的唯一原因是合同的内容还没谈妥。
  桑切斯现在的周薪是13万英镑，而他希望得到30万英镑的周薪，但温格认为桑切斯会继续留在阿森纳，并表示他不会卖掉桑切斯，有信心用一纸长约留住这名射手：“我个人认为他会续约，继续留在阿森纳。他在这里过的很好，他也希望留下，这是我坚信的一点。现在的分歧只是在合同内容上，并不是续约的意愿上。我们双方都希望能达成一致，我认为他会续约的。”', '2017-04-26 10:58', '每日电讯', '0', 'e194e9a0d90b4b08ab41363232de6926', 'EPL', 'B');
INSERT INTO "FOOTBALL"."F_NEWS" VALUES ('d11fabad129c49c9812704b1352c9b5c', '坎特：没有队友们我不可能拿到最佳球员的奖项', '  《每日镜报》的消息称，在PFA年度最佳球员的评选中，由于规则限制坎特将投给了马内而不是队友阿扎尔。
  在PFA年度最佳球员的评选中，切尔西有两名球员入选，分别是坎特和阿扎尔。最终坎特击败其他几个强敌拿到了年度最佳球员的荣誉。
  坎特在接受切尔西官网采访时表示：“获得这一奖项感觉很特别，因为我们的对手选择把票投给了我。我认为这个奖项是对上赛季和本赛季我的表现的嘉奖，对所有选择我的人，我想要衷心表达感谢。能够得到这个奖项对我来说有着很重大的意义。”
  坎特还对切尔西的队友们表达了感谢：“当我得奖的时候，他们给我送上了掌声，这非常重要，没有他们我不可能拿到这个奖。”', '2017-04-26 11:00', '每日镜报', '0', 'ad75dcfd89ee4d5f8015870312c315ab', 'EPL', 'B');
INSERT INTO "FOOTBALL"."F_NEWS" VALUES ('b16af276c1a541159b1bf209c118358c', '亚冠：保利尼奥阿兰分别双响，恒大6-0东方暂未出线 ', '  北京时间晚间20:00，在2017赛季亚冠联赛G组第5轮的较量中，广州恒大客场6-0战胜香港东方体育。上半场，保利尼奥接张琳芃传中头球破门取得梦幻开局。随后，张琳芃传中造成米切尔自摆乌龙。下半场，阿兰打入两球锁定胜局，米切尔头球攻门击中门框。比赛结束前，保利尼奥和于汉超再入两球。最终，全场比赛结束，广州恒大客场大胜香港东方体育。', '2017-04-26 11:03', '战报团', '0', 'e4453a7538a8429f850385e18104db24', 'China', 'A');
INSERT INTO "FOOTBALL"."F_NEWS" VALUES ('103953293e05436b8b77fa0e6ba70212', '亚冠：拉米雷斯破门李昌珉天外飞仙，苏宁1-2济州联 ', '   晚19:35，亚冠第5轮的一场比赛在南京奥体中心展开，最终江苏苏宁1-2不敌济州联。上半时刚刚开场谢鹏飞险些为江苏苏宁先拔头筹，随后拉米雷斯率先为苏宁取得领先，随后克鲁斯为济州联扳平比分。下半时刚刚开始，李昌珉一脚天外飞仙为济州联反超比分，最终苏宁在主场输给了对手。
  在中超联赛战绩不佳的江苏苏宁，在亚冠赛场却是高歌猛进，此役之前已经提前两轮锁定小组第一，对此或许他们会在本场比赛对阵容进行大轮换。反观济州联队若想最终出线，拿下比赛是他们唯一的出路。', '2017-04-26 11:04', '战报团', '0', '773822c1c43a473f8df54035113ad173', 'China', 'B');
INSERT INTO "FOOTBALL"."F_NEWS" VALUES ('564a4fc0cfb44d92be3372b41c51ad8c', '杯赛对决！莱万德国杯进球效率远超奥巴梅扬', '  本周三，拜仁慕尼黑将在主场迎战多特蒙德，本场比赛，两队超级前锋莱万多夫斯基和奥巴梅扬的对决也将是一大看点。
  《图片报》称，莱万本赛季已经在42场比赛中打进了39球，而奥巴梅扬则是在40场比赛中打进了34球，尽管莱万目前在联赛中以26球落后奥巴梅扬1球，但是在德国杯中，莱万的效率可是远超奥巴梅扬。', '2017-04-26 11:07', '图片报', '0', '8896fac4608a4595ac2296a22519aab3', 'Bundesliga', 'B');
INSERT INTO "FOOTBALL"."F_NEWS" VALUES ('e6839b23e3eb475aa884457ef35738b3', '传贝尼特斯欲获1亿转会预算打造纽卡斯尔', '  据《镜报》报道，纽卡斯尔主帅贝尼特斯希望在今夏得到1亿英镑预算建设球队。
  贝尼特斯将与俱乐部商讨自己的未来，喜鹊向他保证会提供资金支持。西班牙人将要求得到1亿英镑转会预算，收购7名一线队球员。该队将在下赛季重返英超，贝帅希望今夏能掌握球队的转会大权。
  贝尼特斯承认，在决定自己的未来之前，他们依然还有很多工作要做，他还希望能与球队老板阿什利面对面交流。而俱乐部高层向贝帅保证，他将得到可用资金，在今夏打造一支有竞争力的球队。', '2017-04-26 11:10', '每日镜报', '0', 'e1f6c28c98a94c17ba1e52fffc353ad2', 'EPL', 'B');
INSERT INTO "FOOTBALL"."F_NEWS" VALUES ('c76d911d56764a5fa9a4c3eee10e6772', '纪念传奇，阿贾克斯主场将更名为克鲁伊夫球场', '  荷兰足球传奇克鲁伊夫之子约尔迪-克鲁伊夫通过官方社交媒体确认，阿贾克斯的主场阿姆斯特丹球场将会更名为克鲁伊夫球场，以纪念在2016年逝世的克鲁伊夫。
  这位荷兰前锋曾是世界足坛最优秀的球员之一，而他也在阿贾克斯效力过11年之久，同时也在1985年开始执教过阿贾克斯3年。
  在他第一段效力阿贾克斯的生涯中，他为球队赢得过6次荷兰联赛冠军和3次欧洲的锦标。但是这位传奇在2016年3月24日因肺癌不幸去世。', '2017-04-26 11:14', 'Twitter', '0', '4e8d2fe8fa2f43c88865914d1ec835e5', 'WorldWide', 'A');
INSERT INTO "FOOTBALL"."F_NEWS" VALUES ('6c4a9f4562a94efa814d53fb03b48a07', '耐克推出限量版战靴，纪念托蒂效力罗马25年', '  明天耐克公司和托蒂将会推出特别限量版战靴，纪念罗马队长在俱乐部效力了25年。
  40岁的托蒂周二在自己的推特上写道：“明天上午11点30，你们可以在Lucina的圣洛伦索广场看到这款Tiempo Totti X Roma球鞋！这双战靴代表了我和我对罗马永恒的爱！”
  从照片中可以看出，这款金色球鞋的鞋舌上印有X的标志，而鞋子后面印有托蒂的名字。金色的鞋子象征着古罗马的角斗士，而全袋鼠皮制作的鞋面可以保证绝佳的触球感觉。本周末对阵拉齐奥的罗马德比战，罗马王子将会穿上这款战靴出场。
  托蒂是土生土长的意大利首都人士，其一生的踢球时光都留给了红狼军团。1993年3月28日，年仅16岁的他就代表罗马上演了处子秀，至今已经为球队出场779次，打进250球。', '2017-04-26 11:15', 'Football-Italia', '0', '2907d158cba34a8788ef3eba0d364f5e', 'Serie', 'B');
INSERT INTO "FOOTBALL"."F_NEWS" VALUES ('69c92e0016be49d69fcec7e20fd9890c', '官方：巴黎圣日耳曼与卡瓦尼续约至2020年', '  北京时间4月26日，巴黎圣日耳曼俱乐部宣布与前锋卡瓦尼完成续约两年至2020年6月30日。
  2013年7月16日，卡瓦尼从那不勒斯转会加盟巴黎圣日耳曼，双方签约五年，据悉转会费为6300万欧元，是法甲历史上的最高身价。加盟后卡瓦尼共代表球队出战192场比赛，打入125球，本赛季目前为止卡瓦尼代表巴黎圣日耳曼在各项赛事中出场43次，打入44球。
  卡瓦尼表示：“我非常高兴能与巴黎圣日耳曼完成续约，就像我一直所说的，我清楚地知道自己希望在巴黎圣日耳曼继续足球生涯，为了球迷和俱乐部的所有人而战，巴黎圣日耳曼是世界上最好的俱乐部之一，我知道球队有潜力达成一切目标，未来几个赛季我们将为此努力。”', '2017-04-26 11:12', '巴黎圣日耳曼官网', '0', '505b401285c3434585eeddcc797e833a', 'Ligue', 'A');
INSERT INTO "FOOTBALL"."F_NEWS" VALUES ('c077a3e3caaa4b2485571578edfb24a7', '十年英超难再续！桑德兰本周末恐成首支英超降级球队', '在刚刚结束的一场英超补赛中，桑德兰造访河畔球场挑战米德尔斯堡，比赛开场仅8分钟，主队便由德罗恩首开纪录，1-0的比分也被保持到终场。米德尔斯堡时隔14年联赛再度双杀黑猫。

对于正处于保级阶段的两支球队来说，这是一场不容有失的较量。然而，桑德兰没能抓住最后的机会。败走河畔球场也意味着桑德兰接下来的保级形势非常严峻。最快在本周末，桑德兰就可能会提前告别英超联赛。

目前黑猫虽然仍少赛一场，但33轮联赛战罢仅积21分，同处在第17位的胡尔城相差12分。若本周末，胡尔城在圣玛丽球场击败南安普顿，而桑德兰主场没能拿下伯恩茅斯的话，那么桑德兰将时隔11年再度降入英冠。

上一次桑德兰从英超联赛降级是在2005/06赛季，当时38轮联赛过后，桑德兰仅积15分，这还一度创造了英超联赛最低得分纪录，直到后来被德比郡“刷新”。但在降级后的首个赛季，黑猫便在罗伊-基恩的带领以英冠冠军的姿态重返英超。

自2006/07赛季至今，桑德兰总能在最后时刻有惊无险的完成保级，然而，这样的运气在升级后的第十个年头戛然而止。虽然，根据英超降级保护伞政策，桑德兰能够在降级后的第一年拿到一部分英超转播分成的补偿金，但如何将这笔资金运用在转会市场上才是莫耶斯的当务之急。', '2017-04-27 12:15', '虎扑足球', '0', '0cb6be9d09204819afce9aa2782067bc', 'EPL', 'A');
INSERT INTO "FOOTBALL"."F_NEWS" VALUES ('9fefe79756014655a1a7e9d23e342e9a', '拜仁慕尼黑17年来首次连续5场各项赛事不胜', '在凌晨结束的德国杯半决赛中，拜仁慕尼黑主场2-3不敌多特蒙德，这也是拜仁慕尼黑最近连续的第五场比赛不胜。

自从欧冠四分之一决赛对阵皇家马德里开始，拜仁慕尼黑先后在主场1-2不敌皇马，联赛中客场0-0与药厂战平，客场2-4不敌皇马（120分钟），联赛主场2-2战平美因茨以及今天德国杯半决赛主场2-3不敌多特蒙德。拜仁慕尼黑经历了各项赛事的连续5场比赛不胜，这也是拜仁慕尼黑进入21世纪17年以来的第一次。', '2017-04-27 12:16', 'Twitter', '0', 'e037bbd35d0f4d1a811d95fe8788c7d5', 'Bundesliga', 'A');
INSERT INTO "FOOTBALL"."F_NEWS" VALUES ('90b5355d291a4f288a4b4f40911bb9c1', '马斯切拉诺：无法拒绝大家让我罚点球的热情', '马斯切拉诺在今天凌晨的比赛中打进了他代表巴萨的处子进球，赛后谈到这个进球，马斯切拉诺表示：：“相比于进球，我觉得更重要的是球队的胜利。我觉得足球是一项团队运动，每个人都有自己的责任，而我的责任是防守不是进球，所以我觉得之前没有进过球也就是个逸闻而已。不过今天无论是队友还是球迷都对我很好，大家都希望我去罚点球，我无法拒绝，所以我就去踢了。我没想过该怎么罚点球，我唯一想的就是把球踢进去。”

对于本赛季的联赛争冠前景，马斯切拉诺说：“我们现在的竞争对手很强大，想指望他们丢分并不容易。我们要做的就是拿分给他们施加压力。”', '2017-04-27 12:18', '世界体育报 ', '0', '2438f2f63e7445ed99795a55441aa63c', 'Laliga', 'A');
INSERT INTO "FOOTBALL"."F_NEWS" VALUES ('fa36b00d264344ca874d6eda0b8bd0b0', '西甲首支降级队产生，奥萨苏纳提前4轮降入西乙', '在刚刚结束的一场西甲联赛中，莱加内斯主场3-0大胜拉斯帕尔马斯，这场胜利也宣告了垫底的奥萨苏纳提前4轮降入西乙联赛。

奥萨苏纳这个赛季刚刚从西乙重返西甲联赛，但是他们所展现出来的实力的确配不上西甲联赛的水平，即便更换了3次主教练，依然难以避免降级的噩运。

奥萨苏纳本赛季目前已经丢了82个球，是近20年来西甲单赛季丢球最多的球队。本赛季降级也是奥萨苏纳历史上第7次从顶级联赛降级。', '2017-04-27 12:19', '虎扑足球', '0', '8944fcb47a5746f3bc9a5991c2864790', 'Laliga', 'B');
INSERT INTO "FOOTBALL"."F_NEWS" VALUES ('435977fb65574aa3b59df17b0c0c247f', '穆帅专访：喜欢执教球队的第二年，下赛季会冲击联赛冠军', '曼联主教练穆里尼奥相信，到了下赛季，俱乐部可以取得足够的进步并足以挑战下赛季的英超联赛冠军。

本赛季，曼联将以联赛第六的成绩完成本赛季的征程，球队足足落后榜首的切尔西24分，但他们有可能获得本赛季的欧联杯冠军，并拿到双冠王。

穆里尼奥相信自己的球队可以在夏天的转会市场运作之后变得更加稳定，他说：“本赛季，我们还没有接近英超冠军，有许多俱乐部本赛季都比我们更加稳定，拥有更强的阵容，也有更多的时间可以训练来磨合球队的阵容。

“我不能这么说，但我敢肯定的是，从精神状态和战术层面的角度来看，我们都有了一个很好的转变。如果在下一个转会窗口，我们能设法取得成功的话，我觉得我们可以争夺下赛季的英超冠军。

“我非常享受球队从第一个赛季到第二个赛季的过渡阶段，我知道自己在做什么，我也清楚有什么是自己做不到的。我们还有很多工作要做，好消息是，俱乐部清楚，高层清楚，我知道在此刻我们都处在通往成功的过程中。”

“并不是说我们的团队在最一开始就准备好了去到达巅峰，准备好了去赢得一切，并直接向一些重量级赛事的冠军发起挑战。”', '2017-05-20 17:06', '天空体育', '2', 'e11f804bfddf464bafe7ac9f4349cd47', 'EPL', 'B');
INSERT INTO "FOOTBALL"."F_NEWS" VALUES ('825021688464426899d6d03cb308e3f2', '米兰发布2017-18赛季新球衣，本周日亮相', 'AC米兰在本周五正式发布了2017-18赛季的新球衣，周日主场对阵博洛尼亚的联赛，他们就将穿上这套复古的新战袍亮相。

这款新球衣依旧是红黑条纹的主色调，采取了圆领设计。据了解，它的设计灵感来自于上个世纪90年代的主场球衣，在那个黄金10年，红黑军团一共赢下了17座奖杯，来自中国的新老板希望米兰能够穿着这件球衣在新赛季重新走上复兴之路。', '2017-05-20 17:07', 'Twitter', '0', '8ea9486b4bf14fe9a7c48198ea5e254c', 'Serie', 'B');
INSERT INTO "FOOTBALL"."F_NEWS" VALUES ('db40b2df1b3e4b529c909d3ce5d0d115', '成军即凯旋！孔氏蓝军夺冠背后的奥秘', '要么一本正经地胡说八道，要么吊儿郎当地严正说明。我们不照搬观点，我们只是观点的制造商。
当斯坦福桥的看台上再次出现“London is blue”的旗帜的时候，没错，这就是切尔西再次站在英格兰之巅的时候。
2016-17赛季英超联赛冠军，或许一周之后还可以加上2016-17赛季英格兰足总杯冠军，无论从哪个角度分析，切尔西本赛季交出的成绩单已经足够漂亮。
孔蒂和他的球队在并不被大多数人看好的背景下，以一种令人信服的表现征服了切尔西和整个英超，而且在这期间还时不时透露着些许的轻松，对于切尔西球迷来说，这绝对是一个让他们开心到爆的赛季。
尤其是在上赛季断崖式下跌到第10名之后。', '2017-05-20 17:09', '入牧三分', '0', '40a4a928b80e46f79ed2096b7d436c6b', 'EPL', 'A');
INSERT INTO "FOOTBALL"."F_NEWS" VALUES ('15ec38bbbafb47d2b76d49dbf096d77b', '阿兰双响谢鹏飞世界波，十人恒大2-1苏宁', '晚间20:00，在2017赛季中超联赛第10轮的焦点战中，广州恒大主场2-1战胜江苏苏宁。上半场，保利尼奥头球摆渡，阿兰头球首开纪录。半场结束前，阿兰低射梅开二度。下半场，于汉超劲射击中立柱，谢鹏飞远射破门扳回一球。李学鹏累积两张黄牌被罚下场。最终，全场比赛结束，广州恒大战胜江苏苏宁。
上轮联赛，恒大1-0战胜亚泰，豪取中超五连胜；而苏宁2-1绝杀鲁能，取得赛季首胜。此役，郑智因累积黄牌停赛，U23球员温 家 宝首发登场；苏宁则派出了与上轮联赛相同的首发阵容。', '2017-05-20 17:12', '战报团', '2', 'db9212c743054fd8b03ea32a32065c37', 'China', 'A');
INSERT INTO "FOOTBALL"."F_NEWS" VALUES ('9554a0eb035448acb16a704f02126c25', '哥伦比亚媒体：哈梅斯本周日宣布离队，下家为曼联', '根据哥伦比亚国内最大的媒体之一Caracol电台的消息，哈梅斯已经与曼联达成协议，本周日，也就是皇马最后一轮联赛之后，他将正式宣布自己的离队。此前与塞维利亚一战中，哈梅斯在被换下后向伯纳乌球场看台鼓掌致意，西班牙方面认为，哈梅斯很可能是在向球迷们道别。
而根据《马卡报》的消息，皇马方面为哈梅斯标价7500万欧元。《马卡报》称，皇马方面不希望白白送走哈梅斯，他们希望至少从球员的转会上回收成本。
根据《足球解密》去年4月爆料，哈梅斯的转会费为7500万欧元，加上各种浮动费用为9000万欧元。', '2017-05-16 12:06', '流言板', '0', '368fb2a8c7c5470abf1968168a438fb9', 'Laliga', 'A');
INSERT INTO "FOOTBALL"."F_NEWS" VALUES ('4914a8dda29042778a5e662d1186b79f', '回声报：库蒂尼奥缺席训练，但周末有望复出', '据《回声报》报道，利物浦中场库蒂尼奥缺席了周三训练，但他应该可以出战周末与圣徒之战。

这名巴西攻击手在周一与沃特福德比赛时受伤下场，当时他感到非常不适，但目前恢复情况良好。利物浦对他能出战周末与南安普顿的比赛充满信心。红军10号有望在周四或者周五恢复正常训练。

本周三是利物浦球员们的第二个恢复日，斯图里奇未参加全队训练，只是跟随体能教练一同工作。而红军主帅克洛普也只安排了少量训练，让球员们在阳光下恢复身体，备战周末的比赛。', '2017-05-04 11:51', '利物浦回声报', '0', '9c5412a59086476f8bfb28c8b203b5fd', 'EPL', 'B');
INSERT INTO "FOOTBALL"."F_NEWS" VALUES ('07cbfedf72034db5b7236bf2ed66a1c2', '曝桑切斯不满队友表现，欲今夏离开枪手', '据《镜报》报道，由于不满队友们的低迷表现，阿森纳边锋桑切斯渴望今夏转投新东家。

虽然枪手主帅温格近期表示，他对桑切斯最终同意续约充满信心。但实际上，这名智利球星正在积极寻求转会。而他最大不满就是队友们在比赛中表现不佳。这名28岁球员相信，温格麾下的这支球队才华横溢，但却屡屡无法在比赛中发挥实力，这令他的沮丧之情与日俱增。

阿森纳球员能力与实际表现的巨大差异令桑切斯感到困惑，这名边锋认为，原因在于这些队友们缺少雄心以及获胜欲望。他因此担心继续留在枪手恐怕难以实现自己的雄心壮志。

在上轮联赛0-2不敌热刺后，阿森纳距离联赛第四相差6分，而他们的联赛只剩下5场。这可能将是枪手自1997年后首次缺席欧冠，同时北伦敦德比战失利也是阿森纳在过去16场比赛中吃到的第8场败仗。

桑切斯在比赛以及训练中都明显表现出自己的沮丧情绪，特别是本赛季，他屡屡发怒，并对队友表示不满。智利人与俱乐部的合同只剩下最后1年，枪手为他开出了一份25万英镑周薪的新合同，但双方至今没有签署协议。

这对追逐他的切尔西来说显然是个好消息，这名前锋此前暗示，他希望留在伦敦踢球。与此同时，曼城、巴黎圣日耳曼、尤文图斯以及拜仁都对桑切斯有意。', '2017-05-04 11:52', '每日镜报', '0', '5e428c16c5254af2bd4557ef1377159c', 'EPL', 'B');
INSERT INTO "FOOTBALL"."F_NEWS" VALUES ('356cf1b24df74745b6d3dc4aa88f3249', '欧冠：阿尔维斯两助伊瓜因双响，尤文客场2-0摩纳哥', '北京时间4日凌晨2:45，16-17赛季欧冠联赛半决赛首回合的一场焦点战将在路易二世球场正式打响，尤文图斯客场2-0力克摩纳哥占得晋级决赛先机。上半场姆巴佩连续强势攻门被布冯神勇化解，随后阿尔维斯神来之笔助攻伊瓜因先声夺人；下半场马尔基西奥失良机，阿尔维斯二助伊瓜因完成双响，布冯再扮叹息之墙，最终老练的尤文赢这场热炒的“矛盾之战”。

摩纳哥本赛季联赛至今已轰入恐怖的95球，欧冠淘汰赛对阵曼城与多特场均攻入3球，队中以姆巴佩为首的多名天才攻击手正强势崛起；尤文联赛至今仅丢22球，欧冠目前为止更是只丢2球，斑马军团防守端现象级的表现可谓无人出其右。本场法甲领头羊与意甲榜首间的“矛盾”大战颇具看点。

首发方面，姆巴佩与法尔考组成摩纳哥锋线双枪，B-席尔瓦与勒马尔埋伏其后，带刀侍卫格利克则领衔后卫；尤文方面，曼朱与伊瓜因迪巴拉组成三叉戟，马尔基西奥则与皮亚尼奇搭档中场，三中卫组合依旧是BBC。', '2017-05-04 11:54', '虎扑足球', '0', '0ee00f39690b49e9a417f0fbd6550ccc', 'WorldWide', 'A');
INSERT INTO "FOOTBALL"."F_NEWS" VALUES ('bac020591a3f46cb8ae16ab014d4bc8a', '欧联杯半决赛：特拉奥雷双响，阿贾克斯4-1里昂占先机', '北京时间4日凌晨00:45，16-17赛季欧联杯半决赛首回合的一场大战正式打响，凭借特拉奥雷的两射一传和齐耶什的助攻帽子戏法，阿贾克斯主场4-1大胜里昂占得晋级决赛的先机。

阿贾克斯欧联杯主场目前取得6连胜，而其历史上总共22次欧战中面对法国球队，主场战绩为6胜3平2负；里昂各项赛事近10场比赛只取得4场胜利，表现并不稳定。而历史上他们共12次在欧战中遭遇荷兰球队，客场战绩为3胜2平1负表现不俗。不过值得一提的是两队欧冠历史上共交手4次，阿贾克斯2胜2平保持不败。', '2017-05-04 11:56', '虎扑足球', '0', 'ea311e9bcb234b108cbc23ef235e2a85', 'WorldWide', 'A');
INSERT INTO "FOOTBALL"."F_NEWS" VALUES ('8b67b669f30446b8b12a2cb3f3a5679d', '里程碑，布冯第100次代表尤文在欧冠上阵', '在今天凌晨对阵摩纳哥的欧冠半决赛首回合比赛中，意大利门神布冯又达到了一个里程碑的纪录：第100次代表尤文图斯在欧冠上阵。

2001年夏天，布冯以创造世界纪录的门将身价从帕尔马转会斑马军团。在此前代表尤文参加的99场欧冠比赛中，布冯丢球91粒，有43场比赛零封对手，帮助尤文两次打进欧冠的决赛，可惜都是屈居亚军。

对阵摩纳哥的欧冠半决赛首回合比赛，将是布冯第100次代表尤文出战欧冠，也是其个人的第106场欧冠比赛。值得一提的是，在本赛季此前的4场欧冠淘汰赛中，布冯都零封对手保持不失球。面对攻击力强大的摩纳哥，尤文要想顺利前往加的夫，他们还要依靠这名39岁的不老门神。', '2017-05-04 11:57', 'Twitter', '0', '56be929673e147769f7c8b57bac3f596', 'WorldWide', 'A');
INSERT INTO "FOOTBALL"."F_NEWS" VALUES ('03598ce5cda74018bd4bdfad870d6777', 'U20世界杯揭幕战，委内瑞拉2-0德国', '国际足联U20世界杯足球赛今天在韩国大田开球。在刚刚结束的揭幕战中，委内瑞拉队凭借9号佩尼亚（Ronald Pena)在第51分钟和科尔多瓦（Sergio Cordova）在第54分钟的进球以2-0击败了德国队。', '2017-05-20 16:42', 'FIFA官网', '0', '0cc3e1a7f4824457925354220d530f01', 'WorldWide', 'B');
INSERT INTO "FOOTBALL"."F_NEWS" VALUES ('e2b5803e1c954bd8a1a7b24b24ce9eb5', '巴卡约科：力压巴黎夺冠，摩纳哥的冠军含金量十足', ' 摩纳哥中场巴卡约科近日表示，摩纳哥本赛季能在联赛中压过巴黎而夺冠，“足以证明这个冠军含金量十足。”

“巴黎有非常多优秀球员，对这样一家俱乐部来说，夺冠是唯一的选择。但我们在这个赛季压过了他们，这足以证明我们的冠军含金量十足。”巴卡约科说。', '2017-05-20 16:43', 'le10sport', '1', 'b7119a387e0c41d0ab370e912654dd07', 'Ligue', 'B');
INSERT INTO "FOOTBALL"."F_NEWS" VALUES ('0fe3d718416a470292b2abc52582b4ea', '卡瓦尼有望在法甲末轮打破伊布赛季进50球纪录', '本周末巴黎对阵卡昂的比赛，对于巴黎前锋卡瓦尼来说意义重大。因为只要他进球，他就能追平伊布此前创下的单赛季进50球的俱乐部纪录。

卡瓦尼本赛季在各项赛事出场48场，打进49球。而伊布在2015-2016赛季时共出场51次，打进50球。一旦卡瓦尼在本周末的法甲末轮进球，他将追平伊布此前保持的纪录。如果他能打进两球以上，那将改写巴黎俱乐部单赛季进球纪录。', '2017-05-20 16:44', '费加罗', '0', '10f768dc6fa146a6b3d46fc1d16eb874', 'Ligue', 'B');
INSERT INTO "FOOTBALL"."F_NEWS" VALUES ('f1a979f8723e4ccb93bc6963ebefce0b', '每体曝光巴萨新赛季比赛服：客场球衣酷似罗马', '西班牙媒体《每日体育报》曝光了巴萨新赛季三套球衣的图片。

主场球衣依然延续了传统的红蓝色主色调，采用了竖条纹设计，但条纹宽度各不相同，球衣没有领子，袖管蓝色袖口红色。

客场比赛服均采用了纯色设计，第二套球衣采用了蓝绿色，这和2015/16赛季的第三比赛服设计相似，那个赛季巴萨7次穿蓝绿色球衣未尝败绩，取得了4胜3平的成绩。第三套球衣酷似罗马，这也是巴萨第一次采用这种棕红色设计。

球衣最大的改变当然是胸口的赞助商logo，巴萨新赞助商乐天第一次出现在了巴萨球衣上。乐天和巴萨的赞助合同将持续到2020/21赛季，每年基础赞助费为5500万欧元，另有150万欧元奖金将根据成绩浮动。', '2017-05-20 16:45', '每日体育报', '0', 'f28e275bc0d340f8a1bab45d9e63b65e', 'Laliga', 'B');
INSERT INTO "FOOTBALL"."F_NEWS" VALUES ('60144b16c5fc46c6a85b3cf1f0e2c29e', '哈维：希望尤文欧冠捧杯，布冯配得上欧冠奖杯', '正在卡塔尔继续职业生涯的哈维近日接受了《巴黎人报》的专访。在访谈中他表示，自己希望尤文在本赛季欧冠决赛中胜出，“布冯配得上一座欧冠奖杯。”

谈法甲联赛

这个赛季的法甲竞争非常激烈。如果谈到令我印象最深的球员，那恐怕是姆巴佩和拉比奥。姆巴佩我不认识，但我看过他踢球，他真是个惊喜，前途无量。

拉比奥我知道，此前我和他交过手，他完全能适应任何比赛。他完全可以去巴萨踢球，他没问题的。他在进攻、防守端能力都很突出，而且无球跑动能力也很强。

谈欧冠决赛

从实力上说，尤文和皇马五五开。但我更希望尤文赢，让布冯赢得职业生涯第一座欧冠奖杯吧，他真的配得上。

谈卡塔尔世界杯

我是2022年卡塔尔世界杯的形象大使。这是世界杯第一次在阿拉伯国家举办，我觉得有可能成为一届最好的世界杯，因为当届赛事将在11，12月进行，这在往常正是赛季中段球员最容易出状态的时候。

谈退役后执教计划

成为卡塔尔国家队主教练？恐怕没那么容易。之后我肯定会退役，然后去考教练资格证。我希望帮助卡塔尔足球进步。2022年率领卡塔尔出征世界杯？很难，但还真有这个可能。', '2017-05-20 16:51', '巴黎人报', '0', '10aaadaea52d40d7b45affe4559333d5', 'WorldWide', 'B');
INSERT INTO "FOOTBALL"."F_NEWS" VALUES ('c1a55927c0384c9498af33c2d0da9532', '乌拉圭对阵意大利大名单：苏亚雷斯卡瓦尼领衔', '乌拉圭国家队公布了下个月对阵爱尔兰和意大利的球员大名单，前锋苏亚雷斯和卡瓦尼领衔，但中后卫戈丁缺阵。

6月4日，乌拉圭队将在都柏林与爱尔兰进行一场友谊赛，然后在3天后的尼斯再与意大利交手。老帅塔巴雷斯公布了本期的国家队名单，前锋苏亚雷斯和卡瓦尼入选，但阿贝尔-赫尔南德斯和戈丁缺阵。

乌拉圭国家队大名单：

门将：穆斯莱拉（加拉塔萨雷），马丁-席尔瓦（达伽马），埃斯特班-孔德（乌拉圭民族），古鲁赛亚加（佩纳罗尔）

后卫：吉梅内斯（马德里竞技），塞巴斯蒂安-科茨（葡萄牙体育），加斯顿-席尔瓦（格拉纳达），马克西-佩雷拉（波尔图），卡塞雷斯（南安普顿），亚历杭德罗-席尔瓦（拉努斯），理查（马拉加）

中场：贝西诺（佛罗伦萨），阿雷瓦洛-里奥斯（韦拉克鲁斯），克鲁霍（圣洛伦索），南德斯（佩纳罗尔），拉克索尔特（热那亚），卡洛斯-桑切斯（蒙特雷），阿尔瓦罗-冈萨雷斯（乌拉圭民族），克里斯蒂安-罗德里格斯（佩纳罗尔），德-阿拉斯凯塔（克鲁塞罗），乌雷塔维斯卡亚（帕丘卡）

前锋：卡瓦尼（巴黎圣日耳曼），苏亚雷斯（巴塞罗那），迭戈-罗兰（波尔多），斯图亚尼（米德尔斯堡）', '2017-05-20 16:53', 'Twitter', '0', '4892ffa771b34338b702d8bda2b30eab', 'WorldWide', 'B');
INSERT INTO "FOOTBALL"."F_NEWS" VALUES ('a58ad946d5cc486fb8a34d9b339531da', '阿根廷国家队海外大名单：梅西领衔，伊卡尔迪入选', '阿根廷足协公布了最新一期的国家队海外球员大名单，梅西和迪巴拉等人入选，阿圭罗缺阵，在意甲表现出色的国际米兰前锋伊卡尔迪和亚特兰大前锋A-戈麦斯也获得了国家队的征召。

下个月阿根廷将与巴西、新加坡进行两场友谊赛。据悉，塞维利亚主帅桑保利即将接手球队，而在意甲赛场均表现出色的伊卡尔迪和A-戈麦斯这次得到了在国家队证明自己的机会。

此外，罗马中场帕雷德斯和西汉姆中场兰齐尼同样第一次得到了国家队的征召。

阿根廷最新一期国家队海外球员大名单：

门将：罗梅罗（曼联），古兹曼（墨西哥老虎），鲁利（皇家社会）

后卫：马斯切拉诺（巴塞罗那），马马纳（里昂），梅尔卡多（塞维利亚），奥塔门迪（曼城）

中场：萨尔维奥（本菲卡），比格利亚（拉齐奥），巴内加（国际米兰），兰齐尼（西汉姆联），帕雷德斯（罗马），圭多-罗德里格斯（墨西哥蒂华纳）

前锋：梅西（巴塞罗那），伊瓜因（尤文图斯），华金-科雷亚（塞维利亚），A-戈麦斯（亚特兰大），伊卡尔迪（国际米兰），迪马利亚（巴黎圣日耳曼），迪巴拉（尤文图斯）

预计下周阿甲联赛结束之后，将公布本土球员大名单。', '2017-05-20 16:54', 'Twitter', '0', '783ad32da4ff4e9288644e94ecef458f', 'WorldWide', 'B');
INSERT INTO "FOOTBALL"."F_NEWS" VALUES ('4bf8a05e0cf54526a5702be59fe5f1c7', '德甲助攻王！福斯贝里有望超过德布劳内纪录', ' 本周末德甲将迎来最后一轮比赛，德甲亚军RB莱比锡将客场对阵法兰克福，莱比锡中场福斯贝里也希望超过德布劳内的德甲助攻纪录。

目前德甲的助攻纪录由前狼堡球星德布劳内保持，在14-15赛季中，德布劳内带领狼堡大杀四方，获得那个赛季的德甲亚军，当时德布劳内攻入了10个进球并有22次助攻，22个助攻也是德甲的助攻纪录。如今莱比锡中场福斯贝里有望超过德布劳内，本赛季福斯贝里已经贡献了21次助攻，距离德布劳内的纪录只差一次助攻。

福斯贝里表示：“我一定希望拿到这个纪录，这将会是这个无与伦比赛季的圆满的结束。”

目前德甲新军RB莱比锡积66分排名德甲第二，莱比锡也有望打破三个升班马纪录。如果本场比赛获胜，莱比锡将超过97-98赛季的凯泽斯劳滕神话（68个积分），成为德甲历史上积分最高的升班马。另外莱比锡也有望成为胜场次数最多以及客场积分最多的升班马，目前这两项纪录都由拜仁保持。', '2017-05-20 16:56', '图片报', '0', '6dbf4732029f4eae8eb0fb40a6c35688', 'Bundesliga', 'B');
INSERT INTO "FOOTBALL"."F_NEWS" VALUES ('db79a50cccc847aa97ff9f92fec6d69e', '瓜帅：热苏斯阿圭罗可共存，但也取决于战术安排', '曼城主帅瓜迪奥拉不希望让南美双星热苏斯和阿圭罗只以一种形式出现在赛场上，而他们在本赛季也有过两次一起首发的经历，他们在对阵西布朗时便比第一次两人搭档对阵米堡时发挥得要好。瓜迪奥拉也对此表示很开心，因为他在前锋线上有众多选择。

他说：“两人在对阵西布朗时的踢法和在对阵米堡时是完全不同的，因为热苏斯不是一个边锋，他像是一个二前锋，但不会收得太深。而在对阵米堡时，我们则像是有两个中锋一样。热苏斯在巴西，在他年轻的时候会踢得靠边，但是现在他就像是一个中锋。就像我之前说的，他们两个能共存。这取决于我们的战术，我不知道沃特福德要用4后卫来防守还是5后卫。”

“有些队有5名后卫，有些队有4人，所以，这都是不一定的。我们进攻和防守的方式会不一样，人们说我们像是4-3-3，但是我的球员位置确实很流动，这就是我们能给对手增加不确定性的原因。”', '2017-05-20 16:57', '曼彻斯特晚报', '0', '1c4766cb345b4cc18839c52ee700d79d', 'EPL', 'B');
INSERT INTO "FOOTBALL"."F_NEWS" VALUES ('e5195b285e494096940eda481b2a4744', '巴西国家队大名单：中超三将入选，内马尔落选', '巴西队即将在友谊赛中对阵澳大利亚和阿根廷，国家队主帅蒂特公布了最新一期的巴西国家队大名单，球队核心内马尔没有入选本次国家队，而中超有三名球员入选。

巴西国家队大名单：

门将：迭戈-阿尔维斯、维弗顿、埃德森

后卫：阿莱士-桑德罗、法格纳、路易斯-菲利佩、拉菲尼亚、大卫-路易斯、吉尔、热梅尔森、罗德里戈-凯奥、蒂亚戈-席尔瓦

中场：费尔南迪尼奥、久利亚诺、卢卡斯-利马、保利尼奥、库蒂尼奥、奥古斯托、罗德里吉尼奥、威廉

前锋：迭戈-苏亚索、道格拉斯-科斯塔、加布里埃尔-热苏斯、泰森', '2017-05-20 16:59', '巴西足协官网', '0', '9334b2698eb74a08985ab6edbe75bd82', 'WorldWide', 'B');
INSERT INTO "FOOTBALL"."F_NEWS" VALUES ('7ef67288e50948dbb39eb316c2ab386f', '每体：巴萨确认丹尼斯-苏亚雷斯是非卖品', '据《每日体育报》报道，对于近期出现的离队传言，巴萨近期表示丹尼斯-苏亚雷斯是非卖品，他是球队下赛季计划中的重要一员。

西媒称不仅俱乐部无意卖掉丹尼斯-苏亚雷斯，他本人也无意离开球队，他之前两个赛季已分别为塞维利亚和比利亚雷亚尔效力过了，年轻人已不再想离开巴萨。他相信自己能够继续在巴萨成长。

恩里克下赛季将不会再继续执教，根据之前的报道，毕巴主帅巴尔韦德可能将会接手球队，《每日体育报》称巴尔韦德的到来也会给予丹尼斯帮助，因为毕巴主帅是一位相信年轻球员的教练，他会给予丹尼斯机会。', '2017-05-20 16:59', '每日体育报', '0', '57f0cee1a9194698ac84b76873103351', 'Laliga', 'B');
INSERT INTO "FOOTBALL"."F_NEWS" VALUES ('91a7e07da7554a3685c77a799865da71', '至高荣誉！官方：拉姆入选拜仁慕尼黑名人堂', '拜仁慕尼黑官方今天正式宣布，球队伟大的队长拉姆将会成为俱乐部名人堂的成员。

拉姆是2008年继卡恩之后又一位入选拜仁名人堂的球员，在那里，他将会和贝肯鲍尔、盖德-穆勒、迈耶、鲁梅尼格、赫内斯、马特乌斯、埃尔伯、绍尔等球员齐名。

CEO鲁梅尼格表示：“这是他应得的，无论场上表现还是作为队长，他都是球队绝对重要的球员，拜仁感谢拉姆带来的那些伟大成就。”', '2017-05-20 17:05', '拜仁官网', '0', '913af5ed4b694f1c9bf348387d0fb074', 'Bundesliga', 'B');

-- ----------------------------
-- Table structure for F_USER
-- ----------------------------
DROP TABLE "FOOTBALL"."F_USER";
CREATE TABLE "FOOTBALL"."F_USER" (
"USERID" VARCHAR2(32 BYTE) NOT NULL ,
"USERNAME" VARCHAR2(30 BYTE) NOT NULL ,
"PASSWORD" VARCHAR2(10 BYTE) NULL ,
"USERTYPE" VARCHAR2(1 BYTE) NULL ,
"WARNCOUNT" NUMBER(4) NULL 
)
LOGGING
NOCOMPRESS
NOCACHE

;

-- ----------------------------
-- Records of F_USER
-- ----------------------------
INSERT INTO "FOOTBALL"."F_USER" VALUES ('d51b994ebe2e4c6598707b3680dd91f8', 'hqd', '123456', 'C', '0');
INSERT INTO "FOOTBALL"."F_USER" VALUES ('d51b994ebe2e4c6598707b3680dd91f3', 'hahaha', '123456', 'E', '58');
INSERT INTO "FOOTBALL"."F_USER" VALUES ('d51b994ebe2e4c6598707b3680dd91fa', 'gogo', '123456', 'D', '56');
INSERT INTO "FOOTBALL"."F_USER" VALUES ('d51b994ebe2e4c6598707b3680dd91f2', 'lalala', '123456', 'E', '51');
INSERT INTO "FOOTBALL"."F_USER" VALUES ('d51b994ebe2e4c6598707b3680dd91f4', 'bilibili', '123456', 'C', '4');
INSERT INTO "FOOTBALL"."F_USER" VALUES ('d51b994ebe2e4c6598707b3680dd91f5', 'cindy', '123456', 'C', '12');
INSERT INTO "FOOTBALL"."F_USER" VALUES ('d51b994ebe2e4c6598707b3680dd91f6', 'doge', '123456', 'C', '32');
INSERT INTO "FOOTBALL"."F_USER" VALUES ('d51b994ebe2e4c6598707b3680dd91f9', 'family', '123456', 'C', '52');
INSERT INTO "FOOTBALL"."F_USER" VALUES ('d51b994ebe2e4c6598707b3680dd91fb', 'ill', '123456', 'E', '62');
INSERT INTO "FOOTBALL"."F_USER" VALUES ('d51b994ebe2e4c6598707b3680dd91fc', 'jump', '123456', 'D', '53');
INSERT INTO "FOOTBALL"."F_USER" VALUES ('d51b994ebe2e4c6598707b3680dd91fd', 'kate', '123456', 'D', '52');
INSERT INTO "FOOTBALL"."F_USER" VALUES ('d51b994ebe2e4c6598707b3680dd91f0', 'messi', '123456', 'A', '0');
INSERT INTO "FOOTBALL"."F_USER" VALUES ('d51b994ebe2e4c6598707b3680dd91f1', 'lapta', '123456', 'B', '0');
INSERT INTO "FOOTBALL"."F_USER" VALUES ('d51b994ebe2e4c6598707b3680dd9111', '哈维', '123456', 'F', '0');
INSERT INTO "FOOTBALL"."F_USER" VALUES ('d51b994ebe2e4c6598707b3680dd9101', '小白', '123456', 'G', '0');

-- ----------------------------
-- Indexes structure for table F_CLUB
-- ----------------------------

-- ----------------------------
-- Checks structure for table F_CLUB
-- ----------------------------
ALTER TABLE "FOOTBALL"."F_CLUB" ADD CHECK ("CLUBID" IS NOT NULL);
ALTER TABLE "FOOTBALL"."F_CLUB" ADD CHECK ("CLUBNAME" IS NOT NULL);
ALTER TABLE "FOOTBALL"."F_CLUB" ADD CHECK ("CLUBTYPE" IS NOT NULL);
ALTER TABLE "FOOTBALL"."F_CLUB" ADD CHECK ("CLUBWIN" IS NOT NULL);
ALTER TABLE "FOOTBALL"."F_CLUB" ADD CHECK ("CLUBTIE" IS NOT NULL);
ALTER TABLE "FOOTBALL"."F_CLUB" ADD CHECK ("CLUBLOSE" IS NOT NULL);
ALTER TABLE "FOOTBALL"."F_CLUB" ADD CHECK ("CLUBGOAL" IS NOT NULL);
ALTER TABLE "FOOTBALL"."F_CLUB" ADD CHECK ("CLUBFUMBLE" IS NOT NULL);
ALTER TABLE "FOOTBALL"."F_CLUB" ADD CHECK ("CLUBSCORE" IS NOT NULL);
ALTER TABLE "FOOTBALL"."F_CLUB" ADD CHECK ("GAMECOUNT" IS NOT NULL);

-- ----------------------------
-- Primary Key structure for table F_CLUB
-- ----------------------------
ALTER TABLE "FOOTBALL"."F_CLUB" ADD PRIMARY KEY ("CLUBID");

-- ----------------------------
-- Indexes structure for table F_CODE
-- ----------------------------

-- ----------------------------
-- Checks structure for table F_CODE
-- ----------------------------
ALTER TABLE "FOOTBALL"."F_CODE" ADD CHECK ("CODEID" IS NOT NULL);
ALTER TABLE "FOOTBALL"."F_CODE" ADD CHECK ("CODETYPE" IS NOT NULL);
ALTER TABLE "FOOTBALL"."F_CODE" ADD CHECK ("CODEKEY" IS NOT NULL);
ALTER TABLE "FOOTBALL"."F_CODE" ADD CHECK ("CODEVALUE" IS NOT NULL);

-- ----------------------------
-- Primary Key structure for table F_CODE
-- ----------------------------
ALTER TABLE "FOOTBALL"."F_CODE" ADD PRIMARY KEY ("CODEID");

-- ----------------------------
-- Indexes structure for table F_COMMENT
-- ----------------------------

-- ----------------------------
-- Checks structure for table F_COMMENT
-- ----------------------------
ALTER TABLE "FOOTBALL"."F_COMMENT" ADD CHECK ("COMMENTID" IS NOT NULL);
ALTER TABLE "FOOTBALL"."F_COMMENT" ADD CHECK ("NEWSID" IS NOT NULL);
ALTER TABLE "FOOTBALL"."F_COMMENT" ADD CHECK ("COMMENTTIME" IS NOT NULL);
ALTER TABLE "FOOTBALL"."F_COMMENT" ADD CHECK ("COMMENTTEXT" IS NOT NULL);
ALTER TABLE "FOOTBALL"."F_COMMENT" ADD CHECK ("COMMENTWRITER" IS NOT NULL);
ALTER TABLE "FOOTBALL"."F_COMMENT" ADD CHECK ("READCOUNT" IS NOT NULL);

-- ----------------------------
-- Primary Key structure for table F_COMMENT
-- ----------------------------
ALTER TABLE "FOOTBALL"."F_COMMENT" ADD PRIMARY KEY ("COMMENTID");

-- ----------------------------
-- Indexes structure for table F_GAME
-- ----------------------------

-- ----------------------------
-- Checks structure for table F_GAME
-- ----------------------------
ALTER TABLE "FOOTBALL"."F_GAME" ADD CHECK ("GAMEID" IS NOT NULL);
ALTER TABLE "FOOTBALL"."F_GAME" ADD CHECK ("HOMETEAM" IS NOT NULL);
ALTER TABLE "FOOTBALL"."F_GAME" ADD CHECK ("GUESTTEAM" IS NOT NULL);
ALTER TABLE "FOOTBALL"."F_GAME" ADD CHECK ("GOAL" IS NOT NULL);
ALTER TABLE "FOOTBALL"."F_GAME" ADD CHECK ("FUMBLE" IS NOT NULL);
ALTER TABLE "FOOTBALL"."F_GAME" ADD CHECK ("GAMETYPE" IS NOT NULL);
ALTER TABLE "FOOTBALL"."F_GAME" ADD CHECK ("GAMESTATE" IS NOT NULL);
ALTER TABLE "FOOTBALL"."F_GAME" ADD CHECK ("GAMETIME" IS NOT NULL);

-- ----------------------------
-- Primary Key structure for table F_GAME
-- ----------------------------
ALTER TABLE "FOOTBALL"."F_GAME" ADD PRIMARY KEY ("GAMEID");

-- ----------------------------
-- Indexes structure for table F_GIF
-- ----------------------------

-- ----------------------------
-- Checks structure for table F_GIF
-- ----------------------------
ALTER TABLE "FOOTBALL"."F_GIF" ADD CHECK ("GIFID" IS NOT NULL);
ALTER TABLE "FOOTBALL"."F_GIF" ADD CHECK ("GIFTIME" IS NOT NULL);
ALTER TABLE "FOOTBALL"."F_GIF" ADD CHECK ("GAMEID" IS NOT NULL);

-- ----------------------------
-- Primary Key structure for table F_GIF
-- ----------------------------
ALTER TABLE "FOOTBALL"."F_GIF" ADD PRIMARY KEY ("GIFID");

-- ----------------------------
-- Indexes structure for table F_LIVEWORD
-- ----------------------------

-- ----------------------------
-- Checks structure for table F_LIVEWORD
-- ----------------------------
ALTER TABLE "FOOTBALL"."F_LIVEWORD" ADD CHECK ("LIVEID" IS NOT NULL);
ALTER TABLE "FOOTBALL"."F_LIVEWORD" ADD CHECK ("GAMEID" IS NOT NULL);
ALTER TABLE "FOOTBALL"."F_LIVEWORD" ADD CHECK ("LIVETIME" IS NOT NULL);
ALTER TABLE "FOOTBALL"."F_LIVEWORD" ADD CHECK ("LIVEWORD" IS NOT NULL);

-- ----------------------------
-- Primary Key structure for table F_LIVEWORD
-- ----------------------------
ALTER TABLE "FOOTBALL"."F_LIVEWORD" ADD PRIMARY KEY ("LIVEID");

-- ----------------------------
-- Indexes structure for table F_NEWS
-- ----------------------------

-- ----------------------------
-- Checks structure for table F_NEWS
-- ----------------------------
ALTER TABLE "FOOTBALL"."F_NEWS" ADD CHECK ("NEWSID" IS NOT NULL);
ALTER TABLE "FOOTBALL"."F_NEWS" ADD CHECK ("NEWSTITLE" IS NOT NULL);
ALTER TABLE "FOOTBALL"."F_NEWS" ADD CHECK ("NEWSCONTENT" IS NOT NULL);
ALTER TABLE "FOOTBALL"."F_NEWS" ADD CHECK ("NEWSTIME" IS NOT NULL);
ALTER TABLE "FOOTBALL"."F_NEWS" ADD CHECK ("NEWSWRITER" IS NOT NULL);
ALTER TABLE "FOOTBALL"."F_NEWS" ADD CHECK ("READCOUNT" IS NOT NULL);
ALTER TABLE "FOOTBALL"."F_NEWS" ADD CHECK ("PICTUREID" IS NOT NULL);
ALTER TABLE "FOOTBALL"."F_NEWS" ADD CHECK ("NEWSTYPE" IS NOT NULL);
ALTER TABLE "FOOTBALL"."F_NEWS" ADD CHECK ("NEWSPROPERTY" IS NOT NULL);

-- ----------------------------
-- Primary Key structure for table F_NEWS
-- ----------------------------
ALTER TABLE "FOOTBALL"."F_NEWS" ADD PRIMARY KEY ("NEWSID");

-- ----------------------------
-- Indexes structure for table F_USER
-- ----------------------------

-- ----------------------------
-- Checks structure for table F_USER
-- ----------------------------
ALTER TABLE "FOOTBALL"."F_USER" ADD CHECK ("USERID" IS NOT NULL);
ALTER TABLE "FOOTBALL"."F_USER" ADD CHECK ("USERNAME" IS NOT NULL);

-- ----------------------------
-- Primary Key structure for table F_USER
-- ----------------------------
ALTER TABLE "FOOTBALL"."F_USER" ADD PRIMARY KEY ("USERID");
